NPD_WELL_BORE_NAME,DATEPRD,BORE_OIL_VOL,BORE_GAS_VOL,BORE_WAT_VOL,ON_STREAM_HRS,WATER_CUT,GOR,OIL_PER_HR,KMeans_Cluster,Ward_Cluster
15/9-F-1 C,2014-04,11142.47,1597936.65,0.0,227.5,0.0,143.4095537165458,48.977890109890104,0,0
15/9-F-1 C,2014-05,24901.95,3496229.65,783.48,733.83334,0.030502895999794437,140.39983414953446,33.93406737284518,0,0
15/9-F-1 C,2014-06,19617.76,2886661.69,2068.48,705.91666,0.09538214093360584,147.14532596993746,27.79047600321545,0,0
15/9-F-1 C,2014-07,15085.68,2249365.75,6243.98,742.41666,0.29273696814670275,149.1060230629312,20.31969487322658,0,0
15/9-F-1 C,2014-08,6970.43,1048190.8,4529.75,432.99166,0.3938851391891257,150.37677732937567,16.098300831013695,0,0
15/9-F-1 C,2014-09,9168.43,1414099.99,8317.59,630.3,0.4756708501991877,154.2357840982589,14.546136760272887,0,0
15/9-F-1 C,2014-10,9468.06,1462063.99,10364.869999999999,745.0,0.5226091152441923,154.42065111543442,12.708805369127516,0,0
15/9-F-1 C,2014-11,6710.33,1044188.2999999999,7234.24,579.775,0.5187854483860026,155.60908330886855,11.574024406019577,0,0
15/9-F-1 C,2014-12,120.29,25857.08,183.44,27.5,0.6039574622197346,214.95618920941058,4.374181818181818,0,0
15/9-F-1 C,2015-01,10875.53,1604934.6,6850.8,479.91667,0.3864759372075325,147.5730010399493,22.661288260730764,0,0
15/9-F-1 C,2015-02,9586.64,1439453.67,10744.99,437.41667,0.5284864027134077,150.15205223102151,21.916494403379733,0,0
15/9-F-1 C,2015-03,5879.22,856681.45,11607.44,320.20833,0.6637882820389943,145.71345348532628,18.360609169661515,0,0
15/9-F-1 C,2015-04,3924.1800000000003,566709.81,9815.16,262.83333,0.7143836603504972,144.41483571090012,14.930298223592876,0,0
15/9-F-1 C,2015-05,3832.69,559060.34,6167.47,181.08333,0.6167371322058848,145.866307997777,21.165338631667534,0,0
15/9-F-1 C,2015-06,6344.5,925337.48,14548.69,466.44986,0.6963364617849165,145.84876349594137,13.601676287350585,0,0
15/9-F-1 C,2015-07,2093.95,315178.96,8454.26,241.66667,0.8014876457711784,150.5188567062251,8.664620570143164,0,0
15/9-F-1 C,2015-08,2871.02,427692.58999999997,5334.03,147.79167,0.65009110243082,148.96886472403534,19.42612868506053,0,0
15/9-F-1 C,2015-09,6460.27,961548.42,14767.12,384.4668,0.6956634800604314,148.84028376522963,16.80319340967803,0,0
15/9-F-1 C,2015-10,4085.8,631372.5599999999,13538.71,367.79986,0.7681751152230616,154.52850359782659,11.108758986477048,0,0
15/9-F-1 C,2015-11,3332.05,508384.43,11682.31,301.25833,0.7780757887782096,152.5740700169565,11.060441050708873,0,0
15/9-F-1 C,2015-12,2949.42,454911.3,6231.55,197.65833,0.6787463634016885,154.2375450088492,14.92180977143741,0,0
15/9-F-1 C,2016-01,2981.44,471675.96,14036.28,387.68334,0.8248037927524956,158.20407588279488,7.690400108500923,0,0
15/9-F-1 C,2016-02,4718.03,742339.77,15945.73,484.48332,0.7716761131565602,157.34104488525932,9.738271278358974,0,0
15/9-F-1 C,2016-03,2917.5,476830.19,13410.89,356.75833,0.8213234740228522,163.43794001713795,8.177804846210599,0,0
15/9-F-1 C,2016-04,1671.69,274213.17,4441.13,140.82499,0.7265272002120134,164.03350501588213,11.870691416345919,0,0
15/9-F-11,2013-07,3923.08,590504.52,0.0,112.91514,0.0,150.52064194459456,34.743613655352156,0,0
15/9-F-11,2013-08,25496.07,3871942.31,520.01,586.71667,0.019988022792057837,151.86427986744624,43.45550638607217,0,0
15/9-F-11,2013-09,23775.08,3661574.0,1573.61,538.91667,0.06207855317178125,154.00890344007254,44.11643083892729,0,0
15/9-F-11,2013-10,34114.5,5272724.29,1926.53,678.49991,0.0534537997387977,154.55962391358514,50.27929922643615,0,0
15/9-F-11,2013-11,35386.35,5413486.14,3791.2200000000003,712.0,0.0967701672155777,152.98232623596385,49.6999297752809,0,0
15/9-F-11,2013-12,33405.75,5190658.82,4963.26,662.08335,0.12935595679951084,155.3821967775009,50.45550533780981,0,0
15/9-F-11,2014-01,34552.37,5193353.22,4343.49,668.08333,0.11166972526124888,150.30382054834442,51.71865312071176,0,0
15/9-F-11,2014-02,28189.97,4255282.68,2841.37,562.66666,0.09156452799009002,150.95023797471225,50.10065817654809,0,0
15/9-F-11,2014-03,33290.79,5039849.75,3692.22,655.49999,0.0998355731456147,151.38870991045872,50.78686576333891,0,0
15/9-F-11,2014-04,35428.73,5301958.8,4124.45,691.51685,0.10427606579294003,149.65139309255508,51.233357509654326,0,0
15/9-F-11,2014-05,34831.88,4902619.28,5017.47,731.5,0.1259109621612398,140.75092357920389,47.61706083390293,0,0
15/9-F-11,2014-06,33898.64,4990684.5200000005,6083.59,709.33333,0.1521573459009165,147.22373876946097,47.78943631479998,0,0
15/9-F-11,2014-07,33760.33,5035917.29,6800.85,742.66667,0.16766893862555282,149.16670808608802,45.458253835465655,0,0
15/9-F-11,2014-08,26037.54,4033770.42,6076.52,599.11669,0.18921681033167403,154.92133358220477,43.45988091234781,0,0
15/9-F-11,2014-09,33221.64,5220328.68,8349.05,690.66667,0.2008398224806949,157.1363930257507,48.100829883683254,0,0
15/9-F-11,2014-10,33851.72,5237208.3,10287.9,745.0,0.2330763155641122,154.71025696774046,45.43855033557047,0,0
15/9-F-11,2014-11,26611.5,4153116.29,9403.58,692.39181,0.26110118317104947,156.0647197640118,38.434163454359755,0,0
15/9-F-11,2014-12,8547.92,1413111.6400000001,3079.0499999999997,733.8582,0.264819639166524,165.31643253563442,11.647917813005291,0,0
15/9-F-11,2015-01,29561.8,4358978.95,13860.6,708.33333,0.3192039131876635,147.4530965638087,41.734306078749675,0,0
15/9-F-11,2015-02,25347.22,3836073.69,14061.01,632.16667,0.35680389603897456,151.3410026819509,40.095786764588524,0,0
15/9-F-11,2015-03,44316.19,6516700.49,19387.3,743.83333,0.3043365441987558,147.05010719558697,59.57811812492995,0,0
15/9-F-11,2015-04,54555.76,7956467.49,23839.72,720.0,0.30409559326634644,145.84101642063092,75.7718888888889,0,0
15/9-F-11,2015-05,55029.22,8027510.44,24425.53,744.0,0.3074143459012834,145.87723467641374,73.96400537634409,0,0
15/9-F-11,2015-06,48231.1,7065851.59,22891.62,718.81667,0.3218608624642027,146.49990545519384,67.09791524450873,0,0
15/9-F-11,2015-07,43784.66,6508853.29,36195.93,744.0,0.45255892710969003,148.65601993940342,58.8503494623656,0,0
15/9-F-11,2015-08,31498.15,4769902.18,31870.44,632.01681,0.5029374963211269,151.43435979573403,49.83751935332227,0,0
15/9-F-11,2015-09,31424.59,4748109.86,37411.85,718.72458,0.5434890299382129,151.09536385359365,43.722715035013834,0,0
15/9-F-11,2015-10,29724.78,4501570.02,38022.56,626.89181,0.561240633211577,151.44165978688488,47.416124322951354,0,0
15/9-F-11,2015-11,36410.23,5558573.35,57058.61,671.3081999999999,0.6104559551610997,152.66515344725917,54.23772568248087,0,0
15/9-F-11,2015-12,35933.9,5504665.46,62976.28,740.16667,0.6367017024941215,153.18864526255152,48.54838978361455,0,0
15/9-F-11,2016-01,31603.26,4949940.78,67980.66,736.49999,0.6826469574606021,156.62753715914118,42.91006168241767,0,0
15/9-F-11,2016-02,25954.57,4093286.56,66610.49,695.58333,0.7196072686605508,157.70966577369612,37.31338702438426,0,0
15/9-F-11,2016-03,25023.66,4032038.1,76636.95999999999,743.0,0.7538509995315786,161.129031484603,33.67921938088829,0,0
15/9-F-11,2016-04,13429.0,2194427.05,57931.66,579.08332,0.8118150813067032,163.4095651202621,23.1900998288122,0,0
15/9-F-11,2016-05,15528.75,2450713.77,73445.23,744.0,0.8254686370105058,157.8178391692828,20.871975806451612,0,0
15/9-F-11,2016-06,14590.61,2349131.22,71699.35,718.41667,0.8309118465230486,161.00294778628174,20.309397887440447,0,0
15/9-F-11,2016-07,14384.88,2309447.4699999997,77084.72,740.00101,0.8427359472436744,160.54687074205694,19.43900049541824,0,0
15/9-F-11,2016-08,14583.73,2341371.55,87762.19,743.66667,0.8575055068145364,160.54682512635657,19.610573645851307,0,0
15/9-F-11,2016-09,8609.18,1458816.35,46779.39,392.27514,0.8445675705294432,169.44893125709999,21.94678969460058,0,0
15/9-F-12,2008-02,49091.06,7068009.29,412.61,406.62499,0.008334937591495742,143.97752442094347,120.72809396195741,1,1
15/9-F-12,2008-03,83361.26,12191170.91,27.42,655.10834,0.00032882160983960896,146.24504128176568,127.24805182605368,1,1
15/9-F-12,2008-04,74532.45,11506440.74,496.24,613.64666,0.0066140032566209,154.38162491639548,121.4582509094077,1,1
15/9-F-12,2008-05,125478.56,19091871.52,16280.12,716.19167,0.11484390232753297,152.15245951180822,175.2024845527734,1,1
15/9-F-12,2008-06,143786.85,21512333.93,474.37,675.91669,0.0032882710960020997,149.61266576185514,212.7286574326194,1,1
15/9-F-12,2008-07,114994.61,17116441.78,290.02,710.74165,0.0025156866097414718,148.8456005024931,161.7952317835883,1,1
15/9-F-12,2008-08,97822.46,14143008.24,354.18,672.83334,0.0036075791552858194,144.57833344203365,145.38884175983313,1,1
15/9-F-12,2008-09,77666.95,11185944.41,188.39,567.97499,0.0024197441049001907,144.02450991058618,136.74360908039276,1,1
15/9-F-12,2008-10,94357.23,13430833.95,624.05,737.50001,0.006570242051907491,142.34027376598488,127.94200504485417,1,1
15/9-F-12,2008-11,145915.56,20837122.26,2390.31,712.66667,0.016117433517634873,142.80260624706509,204.74587369155344,1,1
15/9-F-12,2008-12,166439.67,24106361.74,1003.31,744.0,0.005991950214932868,144.835433403587,223.70923387096775,1,1
15/9-F-12,2009-01,153677.16,22255224.02,389.76,740.83332,0.002529809773571121,144.81803294647037,207.4382399538941,1,1
15/9-F-12,2009-02,121905.01,17427051.54,0.0,656.30834,0.0,142.9559912262835,185.7435028175933,1,1
15/9-F-12,2009-03,92958.71,13123546.99,0.0,506.33334,0.0,141.17608764149156,183.59191990004055,1,1
15/9-F-12,2009-04,150955.68,20931107.81,1246.29,719.16667,0.008188395984624904,138.6573053097439,209.90360968758466,1,1
15/9-F-12,2009-05,141039.01,19366853.43,3106.49,695.16666,0.021551071660232193,137.31557978179228,202.88517576490221,1,1
15/9-F-12,2009-06,132429.71,17787475.65,2658.63,715.31666,0.01968067710359014,134.31635280330977,185.13438509876173,1,1
15/9-F-12,2009-07,106105.25,14721967.2,3289.44,742.16666,0.03006946680867234,138.74871601546576,142.9668775474231,1,1
15/9-F-12,2009-08,112414.27,15676349.96,5024.01,589.075,0.04278000324936639,139.45160129581413,190.83184653906548,1,1
15/9-F-12,2009-09,90098.89,12553421.69,2235.08,493.25,0.024206475688200127,139.32937120535001,182.66374049670551,1,1
15/9-F-12,2009-10,126939.65,17819694.28,6812.79,683.74166,0.0509358184418916,140.3792611685947,185.65440344822633,1,1
15/9-F-12,2009-11,136015.68,19181583.58,11286.87,705.75001,0.07662372443654235,141.02479640582615,192.7250132097058,1,1
15/9-F-12,2009-12,158001.52,22160862.45,17321.2,728.5,0.09879609442518346,140.25727379078378,216.88609471516813,1,1
15/9-F-12,2010-01,149658.83,21044604.02,30230.27,742.16666,0.168049481597273,140.61718924302696,201.6512436707949,1,1
15/9-F-12,2010-02,103026.0,14520589.94,43215.66,608.725,0.29550854387183517,140.94102401335584,169.24883978808165,1,1
15/9-F-12,2010-03,101571.61,14278518.8,53998.5,647.66666,0.3471007380530875,140.57588335953324,156.82698565956753,1,1
15/9-F-12,2010-04,86253.61,12161145.93,67996.09,705.99999,0.4408182965671894,140.99289212358764,122.17225385513107,1,0
15/9-F-12,2010-05,77113.56,10970381.3,74438.31,733.16667,0.49117381395557835,142.26267468393368,105.17875833062624,1,0
15/9-F-12,2010-06,69617.37,9944534.27,83268.36,717.16667,0.5446444216867069,142.84558968544775,97.07279062480693,1,0
15/9-F-12,2010-07,64039.69,9283376.77,95054.15,742.33334,0.5974722214260464,144.96286240611096,86.26810429934348,0,0
15/9-F-12,2010-08,30117.36,4346504.25,54787.65,427.43334,0.6452817095245615,144.31889946529176,70.46095187614519,0,0
15/9-F-12,2010-09,51312.93,7750210.88,89428.8,644.74999,0.635410691626428,151.03816679343782,79.58577866748008,0,0
15/9-F-12,2010-10,51430.58,7741377.24,99542.87,743.00001,0.6593402349883373,150.5209009892558,69.22016057577173,0,0
15/9-F-12,2010-11,44468.45,6747077.64,102235.65,690.33333,0.696883386353892,151.72729519468297,64.41591049935253,0,0
15/9-F-12,2010-12,45217.96,6910660.46,111335.89,741.33333,0.7111667327248739,152.82999188817894,60.99544991454788,0,0
15/9-F-12,2011-01,44746.55,6824000.89,116885.54,743.5,0.7231580065567426,152.50339724515072,60.183658372562206,0,0
15/9-F-12,2011-02,29157.49,4519227.07,85274.18,557.24999,0.745197374118546,154.99369355867051,52.32389506189134,0,0
15/9-F-12,2011-03,37395.05,5760219.21,113239.35,729.83334,0.7517496003568905,154.03694365965546,51.237793548866925,0,0
15/9-F-12,2011-04,37819.72,5877460.87,116196.38,717.91667,0.7544430744578002,155.40730788065062,52.67981867589174,0,0
15/9-F-12,2011-05,37204.71,5801740.29,119567.47,736.04167,0.7626829581626026,155.9410163390603,50.54701590468377,0,0
15/9-F-12,2011-06,22026.06,3412025.77,74563.44,463.26667,0.7719621698010654,154.90858419526688,47.54509967229026,0,0
15/9-F-12,2011-07,12462.42,1823751.35,31887.510000000002,245.24669,0.718997978125332,146.3400647707267,50.815854028447845,0,0
15/9-F-12,2011-08,36380.15,5446516.53,99004.87,651.49332,0.731283786049594,149.71121696859413,55.841171172714404,0,0
15/9-F-12,2011-09,29999.17,4566406.76,110471.84,707.0,0.7864387107346917,152.2177700249707,42.43164073550212,0,0
15/9-F-12,2011-10,12647.5,1919664.23,52875.8,325.66166,0.8069770600687084,151.78210950780786,38.83631865046687,0,0
15/9-F-12,2011-11,21789.05,3242433.68,75772.93,459.33334,0.7766645367385943,148.81023633430556,47.43624749729684,0,0
15/9-F-12,2011-12,18090.2,2650493.31,64676.69,424.82166,0.7814319228377434,146.51542326784667,42.583045318357826,0,0
15/9-F-12,2012-01,18217.85,2722573.45,63857.71,399.65834,0.7780356296076445,149.44537637536814,45.583560197943065,0,0
15/9-F-12,2012-02,27362.26,4289924.83,133954.93,688.75833,0.8303822425867943,156.78254756734276,39.72693876529958,0,0
15/9-F-12,2012-03,26679.88,4276185.92,142184.01,740.41666,0.8420036397361211,160.27755447175923,36.03360302562614,0,0
15/9-F-12,2012-04,24088.35,3866150.19,138112.43,710.29167,0.8514905415374697,160.4987552073928,33.913321832987286,0,0
15/9-F-12,2012-05,22415.15,3630958.27,140203.43,737.69167,0.8621611995382078,161.98679330720518,30.385526787905846,0,0
15/9-F-12,2012-06,20887.38,3394646.36,134081.24,711.33334,0.865215422322274,162.52140574835138,29.363701692936253,0,0
15/9-F-12,2012-07,21206.94,3444768.69,140164.53,744.0,0.868583089687415,162.43591437519981,28.503951612903226,0,0
15/9-F-12,2012-08,8998.24,1376155.08,55244.46,288.625,0.8599336578319404,152.93602748982025,31.176232135123428,0,0
15/9-F-12,2012-09,1013.9300000000001,156920.4,4513.08,26.99166,0.8165499971955903,154.76453009576596,37.564566240090464,0,0
15/9-F-12,2012-10,19612.85,3067585.4,121317.43,610.175,0.8608329593895648,156.40691689377118,32.14299176465768,0,0
15/9-F-12,2012-11,19018.88,3086439.76,134909.36,720.0,0.8764432049635597,162.28293989972067,26.415111111111113,0,0
15/9-F-12,2012-12,16320.65,2717290.03,131667.43,700.24999,0.8897164555415544,166.49398338914196,23.30689072912375,0,0
15/9-F-12,2013-01,17408.57,2881178.96,139783.93,744.0,0.8892531768373173,165.50348248018074,23.39861559139785,0,0
15/9-F-12,2013-02,15087.380000000001,2461248.52,126325.44,672.0,0.893309673055102,163.1329309661452,22.451458333333335,0,0
15/9-F-12,2013-03,6305.81,1053665.6199999999,57120.76,307.76833,0.9005809395021677,167.09441293029758,20.48882027595237,0,0
15/9-F-12,2013-04,12351.34,2055291.8599999999,102945.43,513.46573,0.8928734950684222,166.40233853168968,24.054847827916383,0,0
15/9-F-12,2013-05,16313.4,2757755.17,147164.69,732.05834,0.9002104808051037,169.04846138757097,22.28428952807231,0,0
15/9-F-12,2013-06,11899.57,2037219.83,112559.07,566.675,0.904389361799229,171.20112995679676,20.99893236864164,0,0
15/9-F-12,2013-07,11861.63,1919702.47,112172.58,581.275,0.9043680771619378,161.84137171704057,20.40622768913165,0,0
15/9-F-12,2013-08,15147.18,2354241.49,152994.91,687.97685,0.909914406321463,155.42440837172333,22.016990833339815,0,0
15/9-F-12,2013-09,9223.53,1446819.31,104678.41,589.985,0.9190221869794316,156.86177743228458,15.633499156758223,0,0
15/9-F-12,2013-10,8305.01,1283583.5,137534.62,680.0,0.9430538187734019,154.55532263055673,12.21325,0,0
15/9-F-12,2013-11,7170.56,1102962.23,122993.19,648.64167,0.9449112368074829,153.8181439106569,11.054732268434128,0,0
15/9-F-12,2013-12,7079.5199999999995,1101388.53,125859.26,633.4,0.9467460134657472,155.5738990779036,11.177012946005684,0,0
15/9-F-12,2014-01,4997.24,766195.72,87030.26,486.14168,0.9456984053679606,153.32377872585667,10.27939015638404,0,0
15/9-F-12,2014-02,6101.4,921967.01,110297.86,561.9,0.9475821409861197,151.10745238797654,10.858515750133476,0,0
15/9-F-12,2014-03,6835.66,1036071.18,127351.18,656.72426,0.9490586409218669,151.56856543479344,10.408721614761118,0,0
15/9-F-12,2014-04,5892.01,883605.0,141144.82,693.01833,0.9599283390426738,149.9666497511036,8.501954053653964,0,0
15/9-F-12,2014-05,3237.7,469664.0,88748.26,427.32999,0.9648022372109831,145.0610000926584,7.5765803378321275,0,0
15/9-F-12,2014-06,5751.2,846733.74,152034.68,707.33333,0.9635506041478489,147.227316038392,8.130820019466634,0,0
15/9-F-12,2014-07,5791.84,864045.93,152314.38,743.16667,0.9633674121106685,149.183321707782,7.793460382177797,0,0
15/9-F-12,2014-08,4448.49,704538.16,126629.09,593.36666,0.9660621595241536,158.3769234054702,7.497033958733036,0,0
15/9-F-12,2014-09,5062.59,803970.67,149375.78,685.83333,0.9672193509941862,158.8061980132699,7.38166224729848,0,0
15/9-F-12,2014-10,5385.61,833120.57,155365.68,745.0,0.9664972517483376,154.69381741344063,7.229006711409395,0,0
15/9-F-12,2014-11,4495.0599999999995,700998.22,114660.7,580.94167,0.9622757640923107,155.94857910684175,7.737541016811549,0,0
15/9-F-12,2014-12,0.0,0.0,0.0,0.0,0.0,0.0,0.0,0,0
15/9-F-12,2015-01,25712.55,3780459.43,11588.22,715.58333,0.3106697261209353,147.02779109812136,35.93229316842805,0,0
15/9-F-12,2015-02,19578.55,2960674.24,15115.5,622.79666,0.4356798932381777,151.2203018098889,31.436504492493587,0,0
15/9-F-12,2015-03,19341.43,2853432.83,19255.66,665.125,0.4988889058734739,147.52956890984794,29.079391091900018,0,0
15/9-F-12,2015-04,19796.56,2889394.96,20808.06,720.0,0.5124554792040905,145.9543961173052,27.495222222222225,0,0
15/9-F-12,2015-05,16996.48,2479620.4,25200.83,744.0,0.5972141352138324,145.89023138908763,22.844731182795698,0,0
15/9-F-12,2015-06,19536.3,2859707.1,32902.68,709.31667,0.6274469869551239,146.37915572549562,27.542423329766095,0,0
15/9-F-12,2015-07,19157.45,2846820.92,36480.53,744.0,0.6556767517440425,148.60124494648295,25.749260752688173,0,0
15/9-F-12,2015-08,13473.27,2047120.71,31629.02,636.68333,0.7012730395729352,151.93941114517855,21.16165032937175,0,0
15/9-F-12,2015-09,12494.51,1888048.66,35065.36,719.32486,0.7372888109239996,151.11026042637926,17.369773651365257,0,0
15/9-F-12,2015-10,11888.63,1821328.15,38151.12,738.66667,0.7624162790581488,153.19916172006361,16.094715631341536,0,0
15/9-F-12,2015-11,11369.48,1748311.35,37662.5,719.50001,0.7681211323711586,153.77232292066128,15.80191777898655,0,0
15/9-F-12,2015-12,10855.97,1662453.18,37288.0,731.33334,0.7745102865426345,153.13723048239817,14.844079171886241,0,0
15/9-F-12,2016-01,9494.98,1487340.06,38969.86,736.49999,0.8040851883551046,156.64488603451508,12.892030046056076,0,0
15/9-F-12,2016-02,7644.12,1205549.1,35253.46,695.58333,0.8218053326085061,157.7093373730397,10.989510056257386,0,0
15/9-F-12,2016-03,7359.93,1185893.56,40507.21,743.0,0.8462425371559696,161.12837486226093,9.905693135935397,0,0
15/9-F-12,2016-04,6152.17,1015034.36,37126.04,718.83333,0.85784601535045,164.98802211252288,8.558548613765586,0,0
15/9-F-12,2016-05,5865.13,925513.84,36147.78,740.5,0.8603969589347655,157.7993735859222,7.920499662390277,0,0
15/9-F-12,2016-06,5408.31,870533.4,34608.45,703.25833,0.8648488783199839,160.96218596936936,7.690360382933538,0,0
15/9-F-12,2016-07,4533.82,729319.16,29940.18,703.72593,0.8684858153971109,160.86195746633084,6.442593354489581,0,0
15/9-F-12,2016-08,1442.03,232557.71,10937.14,285.89167,0.8835115763011575,161.2710623218657,5.0439734742883555,0,0
15/9-F-12,2016-09,0.0,0.0,0.0,0.0,0.0,0.0,0.0,0,0
15/9-F-14,2008-02,0.0,0.0,0.0,0.0,0.0,0.0,0.0,0,0
15/9-F-14,2008-03,0.0,0.0,0.0,0.0,0.0,0.0,0.0,0,0
15/9-F-14,2008-04,0.0,0.0,0.0,0.0,0.0,0.0,0.0,0,0
15/9-F-14,2008-05,0.0,0.0,0.0,0.0,0.0,0.0,0.0,0,0
15/9-F-14,2008-06,0.0,0.0,0.0,0.0,0.0,0.0,0.0,0,0
15/9-F-14,2008-07,51285.08,7538861.07,126.17,437.57,0.002454132120887938,146.9991090976167,117.20428731402976,1,1
15/9-F-14,2008-08,67621.2,9780532.34,222.53,458.4,0.003280037816316998,144.63707151011812,147.51570680628274,1,1
15/9-F-14,2008-09,114596.26,16340514.75,275.73,642.70833,0.002400324047663839,142.5920422708385,178.30212345310662,1,1
15/9-F-14,2008-10,142817.06,20326866.32,101.25,742.5,0.0007084466643917074,142.32799862985556,192.34620875420876,1,1
15/9-F-14,2008-11,104409.61,14906020.01,189.89,717.83333,0.0018154006472306272,142.76482796937944,145.45104780799184,1,1
15/9-F-14,2008-12,110199.28,15956253.45,66.54,744.0,0.0006034508245619541,144.79453450149583,148.117311827957,1,1
15/9-F-14,2009-01,115572.66,16718455.33,977.79,705.16665,0.00838941419788598,144.65752825971126,163.89410928608152,1,1
15/9-F-14,2009-02,113880.98,16254377.44,2529.24,638.41668,0.02172695833750679,142.73127470452044,178.38033304518294,1,1
15/9-F-14,2009-03,90644.44,12702463.22,1679.12,530.80333,0.018187340262875478,140.13505097499637,170.76840870610215,1,1
15/9-F-14,2009-04,86944.06,11926656.18,246.47,537.63334,0.002826797818524558,137.17620479190873,161.71627302726426,1,1
15/9-F-14,2009-05,116175.04,15944548.83,3440.05,694.66667,0.028759331285041045,137.24590781290027,167.23854046430642,1,1
15/9-F-14,2009-06,86654.03,12141881.11,5731.18,691.89998,0.06203568731401921,140.1190586288947,125.24068869029306,1,1
15/9-F-14,2009-07,64871.82,9127860.49,6772.73,742.16666,0.09453238243523059,140.7060953430935,87.4086960467882,1,0
15/9-F-14,2009-08,112493.5,15664621.81,20793.78,656.82498,0.1560072348989341,139.24912826074396,171.2686079631137,1,1
15/9-F-14,2009-09,90349.8,12564633.24,15274.84,509.07501,0.14461436270930722,139.0665307504831,177.47836414126868,1,1
15/9-F-14,2009-10,96707.32,13556584.82,26099.06,655.42499,0.21252202043574608,140.1815790159421,147.54902769270365,1,1
15/9-F-14,2009-11,98043.5,13821883.66,39016.45,709.25001,0.28466703803700494,140.97705263479986,138.23545804391318,1,1
15/9-F-14,2009-12,89514.35,12552907.78,56173.42,726.66667,0.38557402587739514,140.23346848857193,123.18488475603266,1,0
15/9-F-14,2010-01,82221.25,11561301.92,70004.16,742.16666,0.4598717126135512,140.6120913997294,110.78542655095825,1,0
15/9-F-14,2010-02,62092.98,8751248.29,62000.25,610.175,0.49962636962548235,140.9378047244632,101.76257631007499,0,0
15/9-F-14,2010-03,66989.25,9421805.36,64560.85,654.10832,0.4907700564271711,140.64652701739456,102.41308350885981,1,0
15/9-F-14,2010-04,73035.81,10288470.42,69865.31,679.80833,0.48890666497225493,140.8688480349571,107.43588564147191,1,0
15/9-F-14,2010-05,87809.28,12490295.91,85315.44,740.16667,0.4927975623585124,142.24346116948004,118.63446917975921,1,0
15/9-F-14,2010-06,75309.81999999999,10756576.8,96580.92,717.75,0.5618738973373435,142.83099866657497,104.9248624172762,1,0
15/9-F-14,2010-07,69600.25,10073534.35,101216.35,742.41667,0.5925439916261066,144.73416905830078,93.74823170390289,0,0
15/9-F-14,2010-08,38413.73,5543252.28,56452.9,425.1,0.5950764773661719,144.30393195349683,90.3639849447189,0,0
15/9-F-14,2010-09,55405.21,8260552.19,66506.82,566.14999,0.545531232643735,149.09341901239975,97.86312987482346,0,0
15/9-F-14,2010-10,78755.31,11853846.58,100949.14,743.16666,0.5617509193567549,150.51488693270335,105.97260915875854,1,0
15/9-F-14,2010-11,62555.48,9485348.68,96969.98,683.41667,0.6078652272809619,151.63097909247918,91.53344181668851,0,0
15/9-F-14,2010-12,63886.23,9763159.53,111640.46,741.5,0.6360312497204841,152.82103091699102,86.15809844908969,0,0
15/9-F-14,2011-01,61328.45,9353204.41,111168.02,744.0,0.644465478047174,152.510040772268,82.43071236559139,0,0
15/9-F-14,2011-02,44066.31,6830109.59,79492.13,561.5,0.6433565363887728,154.99617712488293,78.47962600178094,0,0
15/9-F-14,2011-03,56709.96,8733754.97,117498.23,732.5,0.6744701842089054,154.00742603239362,77.41974061433447,0,0
15/9-F-14,2011-04,51814.24,8052242.88,122053.6,717.66667,0.7019906614127145,155.40598260246605,72.1981975281087,0,0
15/9-F-14,2011-05,51121.62,7972927.68,129331.86,741.25,0.7167047152540367,155.95999657287854,68.96677234401349,0,0
15/9-F-14,2011-06,31194.510000000002,4835912.15,81258.77,465.175,0.722600265639206,155.02446263781673,67.05973020906112,0,0
15/9-F-14,2011-07,20211.31,3064565.93,42012.13,254.50833,0.6751817321575277,151.62628894416048,79.41315712534832,0,0
15/9-F-14,2011-08,49730.28,7681607.89,108934.77,652.325,0.6865706719910908,154.46540598605114,76.23543479094009,0,0
15/9-F-14,2011-09,51053.13,8021384.18,133957.61,708.0,0.7240531549681927,157.118362380524,72.1089406779661,0,0
15/9-F-14,2011-10,21807.23,3406338.4,56487.87,327.07499,0.7214738853389292,156.20225035458424,66.6734867132458,0,0
15/9-F-14,2011-11,35043.89,5381237.58,73586.39,464.30833,0.6774021939370864,153.55708455882038,75.47547122404632,0,0
15/9-F-14,2011-12,34166.4,5142969.72,74442.9,436.65001,0.6854192044327696,150.52711787018825,78.24664884354405,0,0
15/9-F-14,2012-01,27309.23,4156158.72,57518.38,363.81667,0.6780620130639069,152.1887918480309,75.06316299360334,0,0
15/9-F-14,2012-02,36797.659999999996,5598558.93,55275.84,692.66666,0.6003447245950246,152.14442793373274,53.12462996270096,0,0
15/9-F-14,2012-03,34745.590000000004,5378188.67,60225.91,740.83334,0.6341471915258788,154.78766283721183,46.9006834924573,0,0
15/9-F-14,2012-04,36509.79,5673229.82,72811.24,720.0,0.6660314122543486,155.38927558882153,50.70804166666667,0,0
15/9-F-14,2012-05,35051.96,5495387.93,82877.31,741.08334,0.7027713306459034,156.7783350774108,47.29827012438304,0,0
15/9-F-14,2012-06,31665.55,4980411.28,80184.2,711.16667,0.7168920806707212,157.28169193334713,44.52620086934052,0,0
15/9-F-14,2012-07,32960.7,5181262.48,83969.56,744.0,0.7181165936003221,157.1951590833933,44.30201612903225,0,0
15/9-F-14,2012-08,12689.84,1974233.52,33316.51,288.625,0.7241719893014769,155.57591900291888,43.966530965786056,0,0
15/9-F-14,2012-09,1655.0800000000002,245981.03000000003,2918.1899999999996,30.78333,0.6380970290404896,148.62183701089978,53.765463320569935,0,0
15/9-F-14,2012-10,33944.02,5155057.85,60061.38,610.175,0.6389141474851445,151.86939702486623,55.629975007170074,0,0
15/9-F-14,2012-11,34931.66,5485685.31,87226.64,720.0,0.7140459551254397,157.04049879106802,48.51619444444445,0,0
15/9-F-14,2012-12,30122.89,4854889.04,93523.46,710.99999,0.7563786557387259,161.16943095433408,42.366934491799356,0,0
15/9-F-14,2013-01,30184.8,4834717.2,99784.43,744.0,0.7677542599890759,160.17058917070844,40.57096774193548,0,0
15/9-F-14,2013-02,26595.53,4196331.85,92120.59,667.91667,0.775973726230271,157.78335118721077,39.818634860543305,0,0
15/9-F-14,2013-03,18816.52,2783792.79,70618.72,508.30167,0.7896073180996662,147.9440826465255,37.01841074022047,0,0
15/9-F-14,2013-04,22875.420000000002,3676256.95,79450.26,557.33333,0.776444974516661,160.70773563938934,41.04441412107903,0,0
15/9-F-14,2013-05,27661.53,4525932.12,109553.2,733.50001,0.7984069931850611,163.6182857564278,37.71169682737973,0,0
15/9-F-14,2013-06,22298.26,3652742.89,93413.24,630.08333,0.807294348444191,163.8129114110249,35.38938254405175,0,0
15/9-F-14,2013-07,22602.78,3553396.55,94589.45,660.84167,0.807130728718107,157.21059754596558,34.20301870491913,0,0
15/9-F-14,2013-08,21666.9,3259563.55,91453.17,687.825,0.8084610449763688,150.43977449473618,31.500599716497657,0,0
15/9-F-14,2013-09,17870.72,2707856.27,92677.05,626.825,0.8383439123195339,151.52474382677363,28.509903082997646,0,0
15/9-F-14,2013-10,18441.11,2757135.18,96753.57,658.66666,0.8399135272566407,149.51026158403698,27.997636923053008,0,0
15/9-F-14,2013-11,19248.66,2853579.7,103737.87,681.25,0.8434896894806284,148.2482261102851,28.25491376146789,0,0
15/9-F-14,2013-12,15495.97,2330523.9899999998,97307.32,630.08333,0.862628386104696,150.39548927882538,24.59352479615672,0,0
15/9-F-14,2014-01,16686.58,2426753.21,106725.74,673.25,0.8647899982756989,145.43143112609053,24.785116969922022,0,0
15/9-F-14,2014-02,14766.13,2161271.57,96430.28,598.60834,0.8672067740316436,146.36682529545655,24.667431128674217,0,0
15/9-F-14,2014-03,14954.84,2196383.02,101501.18,677.16666,0.8715837961833145,146.86770436861912,22.084430441392374,0,0
15/9-F-14,2014-04,16572.24,2398888.09,104862.29,701.45833,0.8635294261031026,144.75340026453875,23.625409081677027,0,0
15/9-F-14,2014-05,13637.02,1943519.3699999999,98851.21,701.5,0.8787693610255934,142.51789393870507,19.439800427655026,0,0
15/9-F-14,2014-06,13257.99,1951326.48,103420.97,710.0,0.88637205885277,147.1811699963569,18.673225352112677,0,0
15/9-F-14,2014-07,13495.98,2012912.6400000001,99765.12,743.08334,0.8808418777497306,149.1490532736415,18.16213508433657,0,0
15/9-F-14,2014-08,8443.73,1333766.6400000001,82815.84,599.78333,0.9074756762496251,157.95941367144619,14.077967121893835,0,0
15/9-F-14,2014-09,9622.21,1516704.37,97941.37,689.66666,0.9105439778036396,157.62536569041833,13.951972102000695,0,0
15/9-F-14,2014-10,10076.22,1558794.24,104963.4,745.0,0.9124108720108777,154.70029832615802,13.525127516778523,0,0
15/9-F-14,2014-11,10386.41,1643092.74,103384.87,708.5,0.9087079797291548,158.19640665061365,14.65971771347918,0,0
15/9-F-14,2014-12,9665.11,1601950.3,100254.94,740.83334,0.9120714555715722,165.74568732275162,13.046267599133701,0,0
15/9-F-14,2015-01,9120.98,1357132.6,95024.85,718.13333,0.9124210734121568,148.792410464665,12.700956241649443,0,0
15/9-F-14,2015-02,7178.8,1092571.04,91844.46,655.05833,0.9275039016085715,152.19410486432272,10.959024061261843,0,0
15/9-F-14,2015-03,8069.04,1195524.25,107454.33,744.0,0.9301523146355583,148.1618941038835,10.845483870967742,0,0
15/9-F-14,2015-04,7687.2,1121236.5,101303.06,720.0,0.9294689268563998,145.85759444270997,10.676666666666666,0,0
15/9-F-14,2015-05,7147.79,1042506.82,102927.47,744.0,0.9350645185848301,145.8502306307264,9.607244623655914,0,0
15/9-F-14,2015-06,6069.93,889055.86,100367.07,718.81667,0.9429716170128809,146.46888184871983,8.44433671801184,0,0
15/9-F-14,2015-07,6720.74,999142.24,96224.54,741.04194,0.9347154138587024,148.66551004800067,9.069311245730573,0,0
15/9-F-14,2015-08,4876.31,737504.53,79596.64,629.39181,0.9422737101048324,151.24233898173003,7.74765404081124,0,0
15/9-F-14,2015-09,5300.41,799234.86,84511.31,719.07486,0.9409830921844053,150.7873655056873,7.371151871447711,0,0
15/9-F-14,2015-10,5634.86,863230.28,97864.97,741.91667,0.9455568187889777,153.19462772810684,7.595003897135779,0,0
15/9-F-14,2015-11,5431.56,835108.42,96061.08,719.50001,0.9464832129699258,153.75111754265808,7.549075642125426,0,0
15/9-F-14,2015-12,5158.09,790131.36,94593.75,740.5,0.9482907783956667,153.18293399300904,6.965685347738015,0,0
15/9-F-14,2016-01,4606.3,721123.87,97147.72,736.33332,0.954731026842969,156.55165099971776,6.255726686387084,0,0
15/9-F-14,2016-02,3941.77,621658.73,86357.85,695.58333,0.9563478783188677,157.71055388822788,5.666855184698,0,0
15/9-F-14,2016-03,3753.8,604911.16,98119.24,737.66666,0.9631521745105476,161.14634770099633,5.0887483514572835,0,0
15/9-F-14,2016-04,3112.41,514414.42,91934.95,715.83333,0.9672541141595095,165.278488373961,4.347953454472425,0,0
15/9-F-14,2016-05,3212.96,506857.03,89415.55,738.0,0.9653134871758166,157.75391850505454,4.35360433604336,0,0
15/9-F-14,2016-06,3075.0299999999997,495103.7,88380.72,716.08333,0.9663768543803971,161.00776252589407,4.294234862302966,0,0
15/9-F-14,2016-07,1326.86,215288.52,37892.52,301.225,0.9661682566119097,162.25413381969463,4.404880073035106,0,0
15/9-F-14,2016-08,0.0,0.0,0.0,0.0,0.0,0.0,0.0,0,0
15/9-F-14,2016-09,0.0,0.0,0.0,0.0,0.0,0.0,0.0,0,0
15/9-F-15 D,2014-01,5674.63,820968.96,0.0,339.91667,0.0,144.67356638230157,16.69417978235666,0,0
15/9-F-15 D,2014-02,7898.6,1196183.89,0.0,595.65001,0.0,151.442520193452,13.26047153092468,0,0
15/9-F-15 D,2014-03,7081.47,1076363.95,0.0,670.75,0.0,151.99724774658367,10.55754006708908,0,0
15/9-F-15 D,2014-04,7163.3,1074270.33,0.0,700.875,0.0,149.9686359638714,10.220510076689852,0,0
15/9-F-15 D,2014-05,7218.61,1014000.02,0.0,744.0,0.0,140.47025950979483,9.702432795698924,0,0
15/9-F-15 D,2014-06,7012.55,1032224.48,0.0,709.33334,0.0,147.19673727816556,9.886113628889909,0,0
15/9-F-15 D,2014-07,6847.42,1021004.3099999999,0.0,732.66639,0.0,149.10788442946392,9.345890699312685,0,0
15/9-F-15 D,2014-08,3475.39,526611.07,0.0,433.325,0.0,151.52574818941181,8.020285005480874,0,0
15/9-F-15 D,2014-09,5314.55,833248.65,0.0,647.45834,0.0,156.78630363812553,8.208327349679363,0,0
15/9-F-15 D,2014-10,5732.97,886879.16,182.78,733.33333,0.03089718125343363,154.6980291192872,7.8176863991713015,0,0
15/9-F-15 D,2014-11,4716.31,732052.12,192.87,597.375,0.03928762033577909,155.21713373378762,7.895057543419126,0,0
15/9-F-15 D,2014-12,0.0,0.0,0.0,0.0,0.0,0.0,0.0,0,0
15/9-F-15 D,2015-01,5975.51,878873.59,207.79,697.46666,0.03360503291122863,147.07926018030258,8.567448944441301,0,0
15/9-F-15 D,2015-02,4581.29,696960.15,258.99,649.39166,0.0535072351186295,152.1318558746554,7.054741047952479,0,0
15/9-F-15 D,2015-03,4133.47,610220.42,309.74,665.66667,0.06971086219197382,147.6290912961749,6.209519247824141,0,0
15/9-F-15 D,2015-04,4259.92,621371.14,318.03,720.0,0.06946995926124139,145.8645091926609,5.916555555555556,0,0
15/9-F-15 D,2015-05,4057.96,591890.28,301.77,737.16667,0.06921758916263164,145.8590720460527,5.504806667398569,0,0
15/9-F-15 D,2015-06,3665.8,537022.8,291.57,718.98334,0.07367772030414138,146.49538981941186,5.098588237107135,0,0
15/9-F-15 D,2015-07,2238.45,329941.91,184.75,420.18361,0.07624215912842523,147.39748933413748,5.32731393306845,0,0
15/9-F-15 D,2015-08,3577.67,542285.92,1856.58,276.29097,0.3416442011317109,151.57516484192226,12.948921204337585,0,0
15/9-F-15 D,2015-09,7417.35,1121246.68,3986.62,719.15805,0.34958176845431893,151.16540004179387,10.31393585874482,0,0
15/9-F-15 D,2015-10,6346.83,972413.69,3628.62,743.16667,0.3637550185705908,153.2124997833564,8.540251139088356,0,0
15/9-F-15 D,2015-11,3926.0099999999998,605737.54,2740.47,438.72541,0.41108201029628827,154.28833344795353,8.948672473746162,0,0
15/9-F-15 D,2015-12,4919.04,751606.71,5075.94,541.175,0.5078489401679643,152.79540520101483,9.089555134660692,0,0
15/9-F-15 D,2016-01,2890.93,445568.02,3648.91,350.4,0.5579509590448696,154.1261877665665,8.25037100456621,0,0
15/9-F-15 D,2016-02,5109.33,805794.85,5891.02,694.75,0.5355302331289459,157.71047280171763,7.354199352284994,0,0
15/9-F-15 D,2016-03,3747.55,600593.91,5035.04,550.65832,0.5732978540498873,160.2630812130592,6.805581363049232,0,0
15/9-F-15 D,2016-04,4544.16,751127.49,5688.1,576.50834,0.5558986968665769,165.29512385127285,7.882210342351683,0,0
15/9-F-15 D,2016-05,4699.01,740192.61,6004.13,677.16667,0.5609690240434116,157.5209693105569,6.939222215411164,0,0
15/9-F-15 D,2016-06,3463.91,555535.97,5390.5,604.91666,0.6087926807093866,160.37829216117046,5.726259878509546,0,0
15/9-F-15 D,2016-07,828.57,133160.33000000002,1172.18,138.375,0.5858702986380108,160.71102019141412,5.987859078590787,0,0
15/9-F-15 D,2016-08,0.0,0.0,0.0,0.0,0.0,0.0,0.0,0,0
15/9-F-15 D,2016-09,0.0,0.0,0.0,0.0,0.0,0.0,0.0,0,0
15/9-F-5,2016-04,3400.61,538638.5599999999,2380.78,245.84167,0.411800622341686,158.3946880118567,13.832520743940602,0,0
15/9-F-5,2016-05,9724.4,1534677.16,3949.9,732.0,0.28885573667390657,157.81715684258154,13.284699453551912,0,0
15/9-F-5,2016-06,9121.48,1468557.1199999999,2376.93,718.41667,0.20671814624804646,160.99987282765517,12.696643021938787,0,0
15/9-F-5,2016-07,9985.289999999999,1602674.39,2453.71,668.64168,0.1972594259988745,160.50353970690887,14.933693633935594,0,0
15/9-F-5,2016-08,8928.9,1417278.51,2371.86,608.425,0.20988499888503076,158.72935187985084,14.675432469080002,0,0
15/9-F-5,2016-09,0.0,0.0,0.0,0.0,0.0,0.0,0.0,0,0
